[
    {
        "name": "DNS-MITM_Manager - neueste",
        "zip-url": "https://api.github.com/repos/sthetix/DNS-MITM_Manager/releases?per_page=1&sort=created&order=desc",
        "download-entry": "0"
    },
    {
        "name": "EdiZon-Overlay - neueste",
        "ovl-url": "https://api.github.com/repos/proferabg/EdiZon-Overlay/releases?per_page=1&sort=created&order=desc",
        "download-entry": "1"
    },
    {
        "name": "FPSLocker - neueste",
        "ovl-url": "https://api.github.com/repos/masagrator/FPSLocker/releases?per_page=1&sort=created&order=desc",
        "download-entry": "1"
    },
    {
        "name": "Fizeau - neueste",
        "zip-url": "https://api.github.com/repos/averne/Fizeau/releases?per_page=1&sort=created&order=desc",
        "download-entry": "0"
    },
	{
        "name": "NXFanControl+ - neueste",
        "zip-url": "https://api.github.com/repos/dominatorul/NX-FanControl/releases?per_page=1&sort=created&order=desc",
        "download-entry": "0"
    },
	{
        "name": "QuickNTP - neueste",
        "zip-url": "https://api.github.com/repos/nedex/QuickNTP/releases?per_page=1&sort=created&order=desc",
        "download-entry": "0"
    },
    {
        "name": "ReverseNX-RT - neueste",
        "ovl-url": "https://api.github.com/repos/masagrator/ReverseNX-RT/releases?per_page=1&sort=created&order=desc",
        "download-entry": "0"
    },	
	{
        "name": "Sysmodules - neueste",
        "ovl-url": "https://api.github.com/repos/ppkantorski/ovl-sysmodules/releases?per_page=1&sort=created&order=desc",
        "download-entry": "0"
    },
	{
        "name": "Sys-Clk - neueste",
        "ovl-url": "https://api.github.com/repos/ppkantorski/sys-clk/releases?per_page=1&sort=created&order=desc",
        "download-entry": "0"
    },
	{
        "name": "SysDVR - neueste",
        "zip-url": "https://api.github.com/repos/zdm65477730/sysdvr-overlay/releases?per_page=0&sort=created&order=desc",
        "download-entry": "0"
    },
	{
        "name": "Status-Monitor-Overlay - neueste",
        "ovl-url": "https://api.github.com/repos/ppkantorski/Status-Monitor-Overlay/releases?per_page=1&sort=created&order=desc",
        "download-entry": "0"
    }
]	