[
	{
        "name": "ldn-mitm - neueste",
        "zip-url": "https://api.github.com/repos/DefenderOfHyrule/ldn_mitm/releases?per_page=1&sort=created&order=desc",
        "download-entry": "0"
    },
    {
        "name": "MissionControl - neueste",
        "zip-url": "https://api.github.com/repos/ndeadly/MissionControl/releases?per_page=1&sort=created&order=desc",
        "download-entry": "0"
    },
	{
        "name": "sys-patch - neueste",
        "zip-url": "https://api.github.com/repos/impeeza/sys-patch/releases?per_page=0&sort=created&order=desc",
        "download-entry": "0"
    }
]
